--
-- Dumping data for table `accounts`
--

INSERT INTO `accounts` (`A_ID`, `H_ID`, `SUB_HEAD_ID`, `CLIENT_ID`, `A_NAME`, `A_DESC`, `A_OPENINGTYPE`, `A_OPENINGBALANCE`, `A_SELFHEAD_ID`, `A_NO`, `A_STATUS`, `CREATED_BY`, `CREATED_AT`, `UPDATED_BY`, `UPDATED_AT`) VALUES
(1, 4, 1, NULL, 'Cash In Hand', '', NULL, 0, 0, '1001.1.1', 1, 1, '2018-02-28 15:46:24', NULL, '2019-11-05 13:38:05'),
(2, 4, 1, NULL, 'Cash at Bank', '', NULL, 0, 0, '1001.1.2', 1, 1, '2018-02-28 15:46:53', NULL, NULL),
(3, 48, 16, NULL, 'Service Charges', '', NULL, 0, 0, '4004.2.1', 1, 1, '2018-09-05 02:58:05', NULL, NULL),
(4, 49, 3, NULL, 'Sales Tax', '', NULL, 0, 0, '3001.3.1', 1, 1, '2018-09-05 02:58:56', NULL, NULL);

--
-- Dumping data for table `accounts_head`
--

INSERT INTO `accounts_head` (`H_ID`, `SUB_HEAD_ID`, `H_TYPE`, `H_NAME`, `H_NO`, `H_STATUS`, `CREATED_BY`, `CREATED_AT`, `UPDATED_BY`, `UPDATED_AT`) VALUES
(4, 1, 'Assets', 'Cash and Bank', '1001.1', 1, 1, '2019-09-02 11:35:21', 1, '2019-09-04 18:48:14'),
(17, 1, 'Assets', 'Account Receivables', '1001.2', 1, 1, '2019-09-02 11:35:21', NULL, '2019-09-02 11:36:11'),
(18, 2, 'Assets', 'Immoveable Assets', '1002.1', 1, 1, '2019-09-02 11:35:21', NULL, '2019-09-02 11:36:11'),
(19, 2, 'Assets', 'Moveable Assets', '1002.2', 1, 1, '2019-09-02 11:35:21', NULL, '2019-09-02 11:36:11'),
(22, 10, 'Expense', 'Office and Misc Expenses', '5002.1', 1, 1, '2019-09-02 11:35:21', NULL, '2019-09-02 11:36:11'),
(23, 10, 'Expense', 'Fuel Expenses', '5002.2', 1, 1, '2019-09-02 11:35:21', NULL, '2019-09-02 11:36:11'),
(24, 10, 'Expense', 'Conveyance Expenses', '5002.3', 1, 1, '2019-09-02 11:35:21', NULL, '2019-09-02 11:36:11'),
(30, 3, 'Liabilities', 'Associated Concerns', '3001.1', 1, 1, '2019-09-02 11:35:21', NULL, '2019-09-02 11:36:11'),
(31, 10, 'Expense', 'Rent Expense', '5002.4', 1, 1, '2019-09-02 11:35:21', NULL, '2019-09-02 11:36:11'),
(32, 10, 'Expense', 'Utility Expenses', '5002.5', 1, 1, '2019-09-02 11:35:21', NULL, '2019-09-02 11:36:11'),
(34, 10, 'Expense', 'Internet Expense', '5002.6', 1, 1, '2019-09-02 11:35:21', NULL, '2019-09-02 11:36:11'),
(38, 10, 'Expense', 'HR related Expenses', '5002.7', 1, 1, '2019-09-02 11:35:21', NULL, '2019-09-02 11:36:11'),
(39, 10, 'Expense', 'Marketing Expenses', '5002.8', 1, 1, '2019-09-02 11:35:21', NULL, '2019-09-02 11:36:11'),
(40, 10, 'Expense', 'Repair and Maintenance Expenses', '5002.9', 1, 1, '2019-09-02 11:35:21', NULL, '2019-09-02 11:36:11'),
(41, 1, 'Assets', 'Advances and Loans', '1001.4', 1, 1, '2019-09-02 11:35:21', NULL, '2019-09-02 11:36:11'),
(42, 10, 'Expense', 'Professional and Legal Fees', '5002.10', 1, 1, '2019-09-02 11:35:21', NULL, '2019-09-02 11:36:11'),
(43, 5, 'Equity', 'Share Capital', '2001.1', 1, 1, '2019-09-02 11:35:21', NULL, '2019-09-02 11:36:11'),
(45, 10, 'Expense', 'Salaries and Allownces', '5002.11', 1, 1, '2019-09-02 11:35:21', NULL, '2019-09-02 11:36:11'),
(46, 3, 'Liabilities', 'Other Payables', '3001.2', 1, 1, '2019-09-02 11:35:21', NULL, '2019-09-02 11:36:11'),
(47, 16, 'Income', 'Turnover Services', '4004.1', 1, 1, '2019-09-02 11:35:21', NULL, '2019-09-02 11:36:11'),
(48, 16, 'Income', 'Commission', '4004.2', 1, 1, '2019-09-02 11:35:21', NULL, '2019-09-02 11:36:11'),
(49, 3, 'Liabilities', 'Payable Tax', '3001.3', 1, 1, '2019-09-02 11:35:21', NULL, '2019-09-02 11:36:11'),
(50, 17, 'Expense', 'Client Expenses', '5006.1', 1, 1, '2019-09-02 11:35:21', NULL, '2019-09-02 11:36:11'),
(52, 3, 'Liabilities', 'Account Payables', '3001.4', 1, 1, '2019-09-02 11:35:21', NULL, '2019-09-02 11:36:11'),
(53, 3, 'Liabilities', 'Advances from clients', '3001.5', 1, 1, '2019-09-02 11:35:21', NULL, '2019-09-02 11:36:11'),
(54, 1, 'Assets', 'Short Term Security Deposit', '1001.5', 1, 1, '2019-09-02 11:35:21', NULL, '2019-09-02 11:36:11'),
(55, 10, 'Expense', 'General Expenses', '5002.12', 1, 1, '2019-09-02 11:35:21', NULL, '2019-09-02 11:36:11'),
(56, 1, 'Assets', 'Outdoor Staff Advances', '1001.6', 1, 1, '2019-09-02 11:35:21', NULL, '2019-09-02 11:36:11'),
(57, 12, 'Expense', 'Sales Tax Expense', '5004.1', 1, 1, '2019-09-02 11:35:21', NULL, '2019-09-02 11:36:11');


--
-- Dumping data for table `sub_heads`
--

INSERT INTO `sub_heads` (`SUB_HEAD_ID`, `NAME`, `HEAD_TYPE`, `SUB_NO`, `SUB_STATUS`, `CREATED_BY`, `CREATED_AT`, `UPDATED_BY`, `UPDATED_AT`) VALUES
(1, 'Current Assets', 'Assets', '1001', 1, 1, '2019-09-02 11:38:10', NULL, '2019-09-02 11:38:50'),
(2, 'Non-Current Assets', 'Assets', '1002', 1, 1, '2019-09-02 11:38:10', NULL, '2019-09-02 11:38:50'),
(3, 'Current Liabilities', 'Liabilities', '3001', 1, 1, '2019-09-02 11:38:10', NULL, '2019-09-02 11:38:50'),
(4, 'Non-Current Liabilities', 'Liabilities', '3002', 1, 1, '2019-09-02 11:38:10', NULL, '2019-09-02 11:38:50'),
(5, 'Capital', 'Equity', '2001', 1, 1, '2019-09-02 11:38:10', NULL, '2019-09-02 11:38:50'),
(7, 'Income', 'Income', '4001', 1, 1, '2019-09-02 11:38:10', NULL, '2019-09-02 11:38:50'),
(8, 'Other Income', 'Income', '4002', 1, 1, '2019-09-02 11:38:10', NULL, '2019-09-02 11:38:50'),
(9, 'Expense', 'Expense', '5001', 1, 1, '2019-09-02 11:38:10', NULL, '2019-09-02 11:38:50'),
(10, 'Operating Expense', 'Expense', '5002', 1, 1, '2019-09-02 11:38:10', NULL, '2019-09-02 11:38:50'),
(11, 'Finance Cost', 'Expense', '5003', 1, 1, '2019-09-02 11:38:10', NULL, '2019-09-02 11:38:50'),
(12, 'Income Tax', 'Expense', '5004', 1, 1, '2019-09-02 11:38:10', NULL, '2019-09-02 11:38:50'),
(13, 'Drawing', 'Equity', '5003', 1, 1, '2019-09-02 11:38:10', NULL, '2019-09-02 11:38:50'),
(14, 'Other Expenses', 'Expense', '5005', 1, 1, '2019-09-02 11:38:10', NULL, '2019-09-02 11:38:50'),
(15, 'Customer Sales', 'Income', '4003', 1, 1, '2019-09-02 11:38:10', NULL, '2019-09-02 11:38:50'),
(16, 'Sales Income', 'Income', '4004', 1, 1, '2019-09-02 11:38:10', NULL, '2019-09-02 11:38:50'),
(17, 'Cost of Sales', 'Expense', '5006', 1, 1, '2019-09-02 11:38:10', NULL, '2019-09-02 11:38:50');

--
-- Dumping data for table `tbl_account_details`
--

INSERT INTO `tbl_account_details` (`account_details_id`, `user_id`, `fullname`, `company`, `city`, `country`, `address`, `phone`, `mobile`, `skype`, `departments_id`, `avatar`) VALUES
(1, 1, 'YY Technologies', '-', 'RWP', NULL, '-', '0321', '0172361125', 'skype', 0, 'uploads/user_male.png');

--
-- Dumping data for table `tbl_cities`
--

INSERT INTO `tbl_cities` (`id`, `name`) VALUES
(1, 'Karachi'),
(2, 'Lahore'),
(3, 'Faisalabad'),
(4, 'Rawalpindi'),
(5, 'Multan'),
(6, 'Hyderabad'),
(7, 'Gujranwala'),
(8, 'Peshawar'),
(9, 'Islamabad'),
(10, 'Bahawalpur'),
(11, 'Sargodha'),
(12, 'Sialkot'),
(13, 'Quetta'),
(14, 'Sukkur'),
(15, 'Jhang'),
(16, 'Shekhupura'),
(17, 'Mardan'),
(18, 'Gujrat'),
(19, 'Larkana'),
(20, 'Kasur'),
(21, 'Rahim Yar Khan'),
(22, 'Sahiwal'),
(23, 'Okara'),
(24, 'Wah Cantonment'),
(25, 'Dera Ghazi Khan'),
(26, 'Mingora'),
(27, 'Mirpur Khas'),
(28, 'Chiniot'),
(29, 'Nawabshah'),
(30, 'K?moke'),
(31, 'Burewala'),
(32, 'Jhelum'),
(33, 'Sadiqabad'),
(34, 'Khanewal'),
(35, 'Hafizabad'),
(36, 'Kohat'),
(37, 'Jacobabad'),
(38, 'Shikarpur'),
(39, 'Muzaffargarh'),
(40, 'Khanpur'),
(41, 'Gojra'),
(42, 'Bahawalnagar'),
(43, 'Abbottabad'),
(44, 'Muridke'),
(45, 'Pakpattan'),
(46, 'Khuzdar'),
(47, 'Jaranwala'),
(48, 'Chishtian'),
(49, 'Daska'),
(50, 'Bhalwal'),
(51, 'Mandi Bahauddin'),
(52, 'Ahmadpur East'),
(53, 'Kamalia'),
(54, 'Tando Adam'),
(55, 'Khairpur'),
(56, 'Dera Ismail Khan'),
(57, 'Vehari'),
(58, 'Nowshera'),
(59, 'Dadu'),
(60, 'Wazirabad'),
(61, 'Khushab'),
(62, 'Charsada'),
(63, 'Swabi'),
(64, 'Chakwal'),
(65, 'Mianwali'),
(66, 'Tando Allahyar'),
(67, 'Kot Adu'),
(68, 'Turbat');

--
-- Dumping data for table `tbl_config`
--

INSERT INTO `tbl_config` (`config_key`, `value`) VALUES
('2checkout_private_key', 'privatekey'),
('2checkout_publishable_key', 'checkoutkey'),
('2checkout_seller_id', 'seled id'),
('2checkout_status', 'active'),
('accounting_snapshot', '0'),
('allowed_files', 'gif|png|jpeg|jpg|pdf|doc|txt|docx|xls|zip|rar|xls|mp4'),
('allow_client_registration', 'TRUE'),
('authorize', 'login id'),
('authorize_status', 'active'),
('authorize_transaction_key', 'transfer key'),
('automatic_email_on_recur', 'TRUE'),
('bank_cash', '0'),
('bitcoin_address', 'Bitcoin Address'),
('bitcoin_status', 'active'),
('braintree_default_account', 'Braintree Defual allcount'),
('braintree_live_or_sandbox', 'Braintree Live or Sandbox'),
('braintree_merchant_id', 'Braintree Merchant ID'),
('braintree_private_key', 'Braintree Private Key'),
('braintree_public_key', 'Braintree Defual allcount'),
('braintree_status', 'active'),
('build', '0'),
('ccavenue_key', 'CCAvenue Working Key'),
('ccavenue_merchant_id', 'CCAvenue Merchant ID'),
('ccavenue_status', 'active'),
('company_address', 'I , I 0/6, SHANJAH TRADE CENTAE, ALIAF HUSSA N AOAD. NEW CHALLI'),
('company_city', 'Karachi'),
('company_country', 'Pakistan'),
('company_domain', 'www.yytechnologies.com'),
('company_email', 'shahbaz@yytechnologies.com'),
('company_legal_name', 'FRAGO'),
('company_logo', 'uploads/frago-logosss_(1).png'),
('company_name', 'FRAGO'),
('company_phone', '021212121212, 0212120212, 021212122'),
('company_phone_2', ''),
('company_vat', '0000-00'),
('company_zip_code', '75850'),
('contact_person', 'Usama Shakeel'),
('country', '0'),
('cron_key', '34WI2L12L87I1A65M90M9A42N41D08A26I'),
('currency', 'PKR'),
('date_format', '%d-%m-%Y'),
('date_php_format', 'd-m-Y'),
('date_picker_format', 'dd-mm-yyyy'),
('decimal_separator', '0'),
('default_currency', 'PKR'),
('default_currency_symbol', '$'),
('default_language', 'english'),
('default_tax', '0.00'),
('default_terms', '<span style=\"background-color: yellow;\">This is computer generated invoice signature not required</span>'),
('demo_mode', 'FALSE'),
('developer', 'ig63Yd/+yuA8127gEyTz9TY4pnoeKq8dtocVP44+BJvtlRp8Vqcetwjk51dhSB6Rx8aVIKOPfUmNyKGWK7C/gg=='),
('display_estimate_badge', '0'),
('display_invoice_badge', 'FALSE'),
('email_account_details', 'TRUE'),
('email_estimate_message', 'Hi {CLIENT}<br>Thanks for your business inquiry. <br>The estimate EST {REF} is attached with this email. <br>Estimate Overview:<br>Estimate # : EST {REF}<br>Amount: {CURRENCY} {AMOUNT}<br> You can view the estimate online at:<br>{LINK}<br>Best Regards,<br>{COMPANY}'),
('email_invoice_message', 'Hello {CLIENT}<br>Here is the invoice of {CURRENCY} {AMOUNT}<br>You can view the invoice online at:<br>{LINK}<br>Best Regards,<br>{COMPANY}'),
('email_staff_tickets', 'TRUE'),
('enable_languages', 'FALSE'),
('estimate_color', '0'),
('estimate_language', 'en'),
('estimate_prefix', 'EST'),
('estimate_terms', 'Hey Looking forward to doing business with you.'),
('file_max_size', '80000'),
('gcal_api_key', ''),
('gcal_id', ''),
('increment_invoice_number', 'TRUE'),
('installed', 'TRUE'),
('invoices_due_after', '10'),
('invoice_color', '#53B567'),
('invoice_language', 'en'),
('invoice_logo', 'uploads/frago-logosss_(1).png'),
('invoice_number_separator_export', '-'),
('invoice_number_separator_import', '-'),
('invoice_prefix', '0'),
('invoice_prefix_export', 'exp'),
('invoice_prefix_import', 'imp'),
('invoice_start_export', '0001'),
('invoice_start_import', '0001'),
('invoice_start_no', ''),
('job_number_auto', 'Yes'),
('language', 'english'),
('languages', 'spanish'),
('last_check', '1436363002'),
('last_seen_activities', '0'),
('locale', 'en_US'),
('login_bg', 'bg-login.jpg'),
('logofile', '0'),
('logo_or_icon', 'logo_title'),
('notify_bug_assignment', 'TRUE'),
('notify_bug_comments', 'TRUE'),
('notify_bug_status', 'TRUE'),
('notify_message_received', 'TRUE'),
('notify_project_assignments', 'TRUE'),
('notify_project_comments', 'TRUE'),
('notify_project_files', 'TRUE'),
('notify_task_assignments', 'TRUE'),
('paypal_cancel_url', 'paypal/cancel'),
('paypal_email', 'example@paypal.com'),
('paypal_ipn_url', 'paypal/t_ipn/ipn'),
('paypal_live', 'TRUE'),
('paypal_status', 'active'),
('paypal_success_url', 'paypal/success'),
('pdf_engine', 'invoicr'),
('postmark_api_key', ''),
('postmark_from_address', ''),
('project_prefix', 'PRO'),
('protocol', 'mail'),
('purchase_code', ''),
('recurring_invoice', '0'),
('reminder_message', 'Hello {CLIENT}<br>This is a friendly reminder to pay your invoice of {CURRENCY} {AMOUNT}<br>You can view the invoice online at:<br>{LINK}<br>Best Regards,<br>{COMPANY}'),
('requisition_optional', 'Yes'),
('reset_key', '34WI2L12L87I1A65M90M9A42N41D08A26I'),
('rows_per_table', '25'),
('security_token', '5027133599'),
('settings', 'theme'),
('show_estimate_tax', 'on'),
('show_invoice_tax', 'TRUE'),
('show_item_tax', '0'),
('show_login_image', 'TRUE'),
('show_only_logo', 'FALSE'),
('sidebar_theme', 'default'),
('site_appleicon', 'logo.png'),
('site_author', 'William M.'),
('site_desc', 'Freelancer Office is a Web based PHP application for Freelancers - buy it on Codecanyon'),
('site_favicon', 'logo.png'),
('site_icon', 'fa-flask'),
('smtp_host', 'mail.bacs.com'),
('smtp_pass', 'abdulkahharnayeem1q2w3e4r'),
('smtp_port', '25'),
('smtp_user', 'info@bacs.com'),
('stripe_private_key', 'pk_test_ARblMczqDw61NusMMs7o1RVK'),
('stripe_public_key', 'pk_test_ARblMczqDw61NusMMs7o1RVK'),
('stripe_status', 'active'),
('system_font', 'roboto_condensed'),
('thousand_separator', ','),
('timezone', 'Asia/Karachi'),
('use_gravatar', 'TRUE'),
('use_postmark', 'FALSE'),
('valid_license', 'TRUE'),
('webmaster_email', 'support@example.com'),
('weboc_token', '250'),
('website_name', 'FRAGO');

--
-- Dumping data for table `tbl_countries`
--

INSERT INTO `tbl_countries` (`id`, `value`) VALUES
(1, 'Afghanistan'),
(2, 'Aringland Islands'),
(3, 'Albania'),
(4, 'Algeria'),
(5, 'American Samoa'),
(6, 'Andorra'),
(7, 'Angola'),
(8, 'Anguilla'),
(9, 'Antarctica'),
(10, 'Antigua and Barbuda'),
(11, 'Argentina'),
(12, 'Armenia'),
(13, 'Aruba'),
(14, 'Australia'),
(15, 'Austria'),
(16, 'Azerbaijan'),
(17, 'Bahamas'),
(18, 'Bahrain'),
(19, 'Bangladesh'),
(20, 'Barbados'),
(21, 'Belarus'),
(22, 'Belgium'),
(23, 'Belize'),
(24, 'Benin'),
(25, 'Bermuda'),
(26, 'Bhutan'),
(27, 'Bolivia'),
(28, 'Bosnia and Herzegovina'),
(29, 'Botswana'),
(30, 'Bouvet Island'),
(31, 'Brazil'),
(32, 'British Indian Ocean territory'),
(33, 'Brunei Darussalam'),
(34, 'Bulgaria'),
(35, 'Burkina Faso'),
(36, 'Burundi'),
(37, 'Cambodia'),
(38, 'Cameroon'),
(39, 'Canada'),
(40, 'Cape Verde'),
(41, 'Cayman Islands'),
(42, 'Central African Republic'),
(43, 'Chad'),
(44, 'Chile'),
(45, 'China'),
(46, 'Christmas Island'),
(47, 'Cocos (Keeling) Islands'),
(48, 'Colombia'),
(49, 'Comoros'),
(50, 'Congo'),
(51, 'Congo'),
(52, ' Democratic Republic'),
(53, 'Cook Islands'),
(54, 'Costa Rica'),
(55, 'Ivory Coast (Ivory Coast)'),
(56, 'Croatia (Hrvatska)'),
(57, 'Cuba'),
(58, 'Cyprus'),
(59, 'Czech Republic'),
(60, 'Denmark'),
(61, 'Djibouti'),
(62, 'Dominica'),
(63, 'Dominican Republic'),
(64, 'East Timor'),
(65, 'Ecuador'),
(66, 'Egypt'),
(67, 'El Salvador'),
(68, 'Equatorial Guinea'),
(69, 'Eritrea'),
(70, 'Estonia'),
(71, 'Ethiopia'),
(72, 'Falkland Islands'),
(73, 'Faroe Islands'),
(74, 'Fiji'),
(75, 'Finland'),
(76, 'France'),
(77, 'French Guiana'),
(78, 'French Polynesia'),
(79, 'French Southern Territories'),
(80, 'Gabon'),
(81, 'Gambia'),
(82, 'Georgia'),
(83, 'Germany'),
(84, 'Ghana'),
(85, 'Gibraltar'),
(86, 'Greece'),
(87, 'Greenland'),
(88, 'Grenada'),
(89, 'Guadeloupe'),
(90, 'Guam'),
(91, 'Guatemala'),
(92, 'Guinea'),
(93, 'Guinea-Bissau'),
(94, 'Guyana'),
(95, 'Haiti'),
(96, 'Heard and McDonald Islands'),
(97, 'Honduras'),
(98, 'Hong Kong'),
(99, 'Hungary'),
(100, 'Iceland'),
(101, 'India'),
(102, 'Indonesia'),
(103, 'Iran'),
(104, 'Iraq'),
(105, 'Ireland'),
(106, 'Israel'),
(107, 'Italy'),
(108, 'Jamaica'),
(109, 'Japan'),
(110, 'Jordan'),
(111, 'Kazakhstan'),
(112, 'Kenya'),
(113, 'Kiribati'),
(114, 'Korea (north)'),
(115, 'Korea (south)'),
(116, 'Kuwait'),
(117, 'Kyrgyzstan'),
(118, 'Lao People\'s Democratic Republic'),
(119, 'Latvia'),
(120, 'Lebanon'),
(121, 'Lesotho'),
(122, 'Liberia'),
(123, 'Libyan Arab Jamahiriya'),
(124, 'Liechtenstein'),
(125, 'Lithuania'),
(126, 'Luxembourg'),
(127, 'Macao'),
(128, 'Macedonia'),
(129, 'Madagascar'),
(130, 'Malawi'),
(131, 'Malaysia'),
(132, 'Maldives'),
(133, 'Mali'),
(134, 'Malta'),
(135, 'Marshall Islands'),
(136, 'Martinique'),
(137, 'Mauritania'),
(138, 'Mauritius'),
(139, 'Mayotte'),
(140, 'Mexico'),
(141, 'Micronesia'),
(142, 'Moldova'),
(143, 'Monaco'),
(144, 'Mongolia'),
(145, 'Montserrat'),
(146, 'Morocco'),
(147, 'Mozambique'),
(148, 'Myanmar'),
(149, 'Namibia'),
(150, 'Nauru'),
(151, 'Nepal'),
(152, 'Netherlands'),
(153, 'Netherlands Antilles'),
(154, 'New Caledonia'),
(155, 'New Zealand'),
(156, 'Nicaragua'),
(157, 'Niger'),
(158, 'Nigeria'),
(159, 'Niue'),
(160, 'Norfolk Island'),
(161, 'Northern Mariana Islands'),
(162, 'Norway'),
(163, 'Oman'),
(164, 'Pakistan'),
(165, 'Palau'),
(166, 'Palestinian Territories'),
(167, 'Panama'),
(168, 'Papua New Guinea'),
(169, 'Paraguay'),
(170, 'Peru'),
(171, 'Philippines'),
(172, 'Pitcairn'),
(173, 'Poland'),
(174, 'Portugal'),
(175, 'Puerto Rico'),
(176, 'Qatar'),
(177, 'Runion'),
(178, 'Romania'),
(179, 'Russian Federation'),
(180, 'Rwanda'),
(181, 'Saint Helena'),
(182, 'Saint Kitts and Nevis'),
(183, 'Saint Lucia'),
(184, 'Saint Pierre and Miquelon'),
(185, 'Saint Vincent and the Grenadines'),
(186, 'Samoa'),
(187, 'San Marino'),
(188, 'Sao Tome and Principe'),
(189, 'Saudi Arabia'),
(190, 'Senegal'),
(191, 'Serbia and Montenegro'),
(192, 'Seychelles'),
(193, 'Sierra Leone'),
(194, 'Singapore'),
(195, 'Slovakia'),
(196, 'Slovenia'),
(197, 'Solomon Islands'),
(198, 'Somalia'),
(199, 'South Africa'),
(200, 'South Georgia and the South Sandwich Islands'),
(201, 'Spain'),
(202, 'Sri Lanka'),
(203, 'Sudan'),
(204, 'Suriname'),
(205, 'Svalbard and Jan Mayen Islands'),
(206, 'Swaziland'),
(207, 'Sweden'),
(208, 'Switzerland'),
(209, 'Syria'),
(210, 'Taiwan'),
(211, 'Tajikistan'),
(212, 'Tanzania'),
(213, 'Thailand'),
(214, 'Togo'),
(215, 'Tokelau'),
(216, 'Tonga'),
(217, 'Trinidad and Tobago'),
(218, 'Tunisia'),
(219, 'Turkey'),
(220, 'Turkmenistan'),
(221, 'Turks and Caicos Islands'),
(222, 'Tuvalu'),
(223, 'Uganda'),
(224, 'Ukraine'),
(225, 'United Arab Emirates'),
(226, 'United Kingdom'),
(227, 'United States of America'),
(228, 'Uruguay'),
(229, 'Uzbekistan'),
(230, 'Vanuatu'),
(231, 'Vatican City'),
(232, 'Venezuela'),
(233, 'Vietnam'),
(234, 'Virgin Islands (British)'),
(235, 'Virgin Islands (US)'),
(236, 'Wallis and Futuna Islands'),
(237, 'Western Sahara'),
(238, 'Yemen'),
(239, 'Zaire'),
(240, 'Zambia'),
(241, 'Zimbabwe');

--
-- Dumping data for table `tbl_currencies`
--

INSERT INTO `tbl_currencies` (`code`, `name`, `symbol`, `xrate`) VALUES
('AUD', 'Australian Dollar', '$', NULL),
('BRL', 'Brazilian Real', 'R$', NULL),
('CAD', 'Canadian Dollar', '$', NULL),
('CHF', 'Swiss Franc', 'Fr', NULL),
('CLP', 'Chilean Peso', '$', NULL),
('CNY', 'Chinese Yuan', '?', NULL),
('CZK', 'Czech Koruna', 'K??', NULL),
('DHM', 'United Arab Emirates', NULL, NULL),
('DK', 'Denmark', NULL, NULL),
('DKK', 'Danish Krone', 'kr', NULL),
('EUR', 'Euro', '?', NULL),
('GBP', 'British Pound', '?', NULL),
('HKD', 'Hong Kong Dollar', '$', NULL),
('HUF', 'Hungarian Forint', 'Ft', NULL),
('IDR', 'Indonesian Rupiah', 'Rp', NULL),
('ILS', 'Israeli New Shekel', '?', NULL),
('INR', 'Indian Rupee', 'INR', NULL),
('JPY', 'Japanese Yen', '?', NULL),
('KRW', 'Korean Won', '?', NULL),
('KWD', 'Kuwait', NULL, NULL),
('MXN', 'Mexican Peso', '$', NULL),
('MYR', 'Malaysian Ringgit', 'RM', NULL),
('NOK', 'Norwegian Krone', 'kr', NULL),
('NZD', 'New Zealand Dollar', '$', NULL),
('PHP', 'Philippine Peso', '?', NULL),
('PKR', 'Pakistan Rupee', 'PKR', NULL),
('PLN', 'Polish Zloty', 'zl', NULL),
('RUB', 'Russian Ruble', '?', NULL),
('SAR', 'Saudia Arabia', NULL, NULL),
('SEK', 'Swedish Krona', 'kr', NULL),
('SFR', 'Switzerland', NULL, NULL),
('SGD', 'Singapore Dollar', '$', NULL),
('STG', 'United Kingdom', NULL, NULL),
('THB', 'Thai Baht', '?', NULL),
('TRY', 'Turkish Lira', '?', NULL),
('TWD', 'Taiwan Dollar', '$', NULL),
('USD', 'US Dollar', '$', '1.00000'),
('VEF', 'Bol?var Fuerte', 'Bs.', NULL),
('WON', 'South Korea', NULL, NULL),
('ZAR', 'South African Rand', 'R', NULL);


--
-- Dumping data for table `tbl_departments`
--

INSERT INTO `tbl_departments` (`departments_id`, `deptname`) VALUES
(1, 'Administrator'),
(2, 'Officer'),
(3, 'Manager'),
(4, 'Assistant Manager'),
(6, 'Accounts'),
(7, 'Finance'),
(10, 'test2');

--
-- Dumping data for table `tbl_menu`
--

INSERT INTO `tbl_menu` (`menu_id`, `label`, `link`, `icon`, `parent`, `sort`) VALUES
(1, 'dashboard', 'admin/dashboard', 'fa fa-dashboard', 0, 1),
(4, 'client_supplier', '#', 'fa fa-users', 0, 8),
(24, 'user', 'admin/user/user_list', 'fa fa-users', 0, 12),
(25, 'settings', 'admin/settings', 'fa fa-cogs', 0, 13),
(26, 'database_backup', 'admin/settings/database_backup', 'fa fa-database', 0, 14),
(27, 'new_client', 'admin/client/new_client', 'fa fa-circle-o', 4, 1),
(28, 'manage_client', 'admin/client/manage_client', 'fa fa-circle-o', 4, 2),
(54, 'duty', '#', 'fa fa-paste', 0, 5),
(61, 'create_duties', 'admin/duty/create_duty', 'fa fa-circle-o', 54, 1),
(62, 'job_no', '#', 'fa fa-file', 0, 4),
(63, 'enter_job', 'admin/invoice/manage_invoice', 'fa fa-circle-o', 62, 1),
(64, 'manage_job', 'admin/invoice/search_invoice', 'fa fa-circle-o', 62, 2),
(65, 'manage_duties', 'admin/duty/search_duty', 'fa fa-circle-o', 54, 2),
(66, 'bill', '#', 'fa fa-file', 0, 6),
(67, 'chart_of_accounts', '#', 'fa fa-money', 0, 16),
(68, 'accounts_head', 'admin/accounts/accountHead', 'fa fa-circle-o', 67, 1),
(69, 'sub_accounts', 'admin/accounts', 'fa fa-circle-o', 67, 2),
(70, 'general_journal', 'admin/accounts/general_journal', 'fa fa-circle-o', 111, 10),
(71, 'general_ledgers', 'admin/accounts/general_ledgers', 'fa fa-circle-o', 84, 6),
(72, 'trial_balance', 'admin/accounts/trial_balance', 'fa fa-circle-o', 84, 7),
(73, 'balance_sheet', 'admin/accounts/balance_sheet', 'fa fa-circle-o', 84, 8),
(74, 'income_statement', 'admin/accounts/income_statement', 'fa fa-circle-o', 84, 9),
(76, 'banks', 'admin/accounts/banks', 'fa fa-circle-o', 78, 1),
(77, 'branches', 'admin/accounts/branches', 'fa fa-circle-o', 78, 2),
(78, 'bank_cash', '#', 'fa fa-money', 0, 18),
(79, 'cash_at_bank', 'admin/accounts/cash_atBank', 'fa fa-circle-o', 78, 4),
(80, 'cash_in_hand', 'admin/accounts/cash_inHand', 'fa fa-circle-o', 78, 5),
(82, 'cheques', 'admin/accounts/cheques', 'fa fa-circle-o', 78, 3),
(83, 'payments', 'admin/invoice/all_payments', 'fa fa-credit-card', 0, 7),
(84, 'report', '#', 'fa fa-bar-chart', 0, 19),
(85, 'sales_report', 'admin/report/sales_report', 'fa fa-circle-o', 84, 2),
(88, 'manage_supplier', 'admin/supplier/manage_supplier', 'fa fa-circle-o', 4, 4),
(89, 'invoice_report', 'admin/report/invoice_report', 'fa fa-circle-o', 84, 3),
(90, 'all_jobs', 'admin/invoice/all_invoices', 'fa fa-circle-o', 62, 3),
(92, 'security_deposit', '#', 'fa fa-money', 0, 20),
(94, 'manage_deposit', 'admin/security_deposit/search_deposit', 'fa fa-circle-o', 92, 2),
(101, 'client_ledgers', 'admin/accounts/client_ledgers', 'fa fa-circle-o', 84, 4),
(107, 'exp_voucher_list', 'admin/accounts/exp_voucher_list', 'fa fa-circle-o', 111, 6),
(108, 'create_deposit', 'admin/security_deposit/manage_deposit', 'fa fa-circle-o', 92, 1),
(109, 'job_ledgers', 'admin/accounts/job_ledgers', 'fa fa-circle-o', 84, 5),
(110, 'general_voucher', 'admin/accounts/voucher_list', 'fa fa-circle-o', 111, 9),
(111, 'entry_book', '#', 'fa fa-money', 0, 17),
(115, 'list_job_expenses', 'admin/accounts/job_expenses_list', 'fa fa-circle-o', 111, 8),
(116, 'job_report', 'admin/report/job_report', 'fa fa-circle-o', 84, 1),
(117, 'staff_ledgers', 'admin/accounts/staff_ledgers', 'fa fa-circle-o', 84, 6),
(118, 'manage_staff', 'admin/staff/manage_staff', 'fa fa-circle-o', 4, 5),
(119, 'shipping_calculator', 'admin/security_deposit/shipping_calculator', 'fa fa-circle-o', 92, 3),
(120, 'manage_shipping_calculator', 'admin/security_deposit/search_shipping_calculator', 'fa fa-circle-o', 92, 4),
(123, 'new_consignor', 'admin/consignor/new_consignor', 'fa fa-circle-o', 4, 3),
(124, 'manage_consignor', 'admin/consignor/manage_consignor', 'fa fa-circle-o', 4, 4),
(125, 'receipt_voucher_list', 'admin/accounts/receipt_voucher_list', 'fa fa-circle-o', 111, 16),
(127, 'payment_voucher_list', 'admin/accounts/payment_voucher_list', 'fa fa-circle-o', 111, 14),
(130, 'reversal_list', 'admin/accounts/reversal_list', 'fa fa-circle-o', 111, 18),
(131, 'all_duty', 'admin/duty/all_duties', 'fa fa-circle-o', 54, 3),
(132, 'create_bill', 'admin/bill/search_bill', 'fa fa-circle-o', 66, 1),
(133, 'list_bill', 'admin/bill/all_bills', 'fa fa-circle-o', 66, 2);

--
-- Dumping data for table `tbl_status`
--

INSERT INTO `tbl_status` (`status_id`, `status`) VALUES
(1, 'answered'),
(2, 'closed'),
(3, 'open'),
(5, 'in_progress');


--
-- Dumping data for table `tbl_users`
--

INSERT INTO `tbl_users` (`user_id`, `username`, `password`, `email`, `role_id`, `client_id`, `activated`, `banned`, `ban_reason`, `new_password_key`, `new_password_requested`, `new_email`, `new_email_key`, `last_ip`, `last_login`, `created`, `modified`, `online_status`) VALUES
(1, 'admin', 'c7ad44cbad762a5da0a452f9e854fdc1e0e7a52a38015f23f3eab1d80b931dd472634dfac71cd34ebc35d16ab7fb8a90c81f975113d6c7538dc69dd8de9077ec', 'shahbaz@yytechnologies.com', 1, NULL, 1, 0, '', NULL, NULL, NULL, NULL, '::1', '2019-11-14 20:13:19', '2018-08-01 03:16:17', '2019-11-15 06:41:00', 1);

--
-- Dumping data for table `stbjobtype`
--

INSERT INTO `stbjobtype` (`Iid`, `VCJobType`, `VCPrefix`, `VCSeparator`, `VCStartFrom`, `DTCreatedDate`, `ICreatedBy`, `DTUpdatedDate`, `IUpdatedBy`) VALUES
(1, 'import', 'imp', '-', '0001', '2019-12-13 19:22:54', NULL, NULL, NULL),
(2, 'export', 'exp', '-', '0001', '2019-12-13 19:22:54', NULL, NULL, NULL);